transition_id,server_family,repository,before_boundary,after_boundary,cluster_date,tool_identity,transition_type,evidence_status
CFX001,CXWorld/CapFrameX,CXWorld/CapFrameX,5b0ea73b1588369d6f74a3100de0dc64a6ecb8f5,10847c37903113bbddd66246236dba4733f1473d,2026-04-26,cfx_ping,introduction,source-verified
CFX002,CXWorld/CapFrameX,CXWorld/CapFrameX,5b0ea73b1588369d6f74a3100de0dc64a6ecb8f5,10847c37903113bbddd66246236dba4733f1473d,2026-04-26,cfx_list_records,introduction,source-verified
CFX003,CXWorld/CapFrameX,CXWorld/CapFrameX,5b0ea73b1588369d6f74a3100de0dc64a6ecb8f5,10847c37903113bbddd66246236dba4733f1473d,2026-04-26,cfx_get_record,introduction,source-verified
CFX004,CXWorld/CapFrameX,CXWorld/CapFrameX,5b0ea73b1588369d6f74a3100de0dc64a6ecb8f5,10847c37903113bbddd66246236dba4733f1473d,2026-04-26,cfx_search_records,introduction,source-verified
CFX005,CXWorld/CapFrameX,CXWorld/CapFrameX,5b0ea73b1588369d6f74a3100de0dc64a6ecb8f5,10847c37903113bbddd66246236dba4733f1473d,2026-04-26,cfx_get_metrics,introduction,source-verified
CFX006,CXWorld/CapFrameX,CXWorld/CapFrameX,5b0ea73b1588369d6f74a3100de0dc64a6ecb8f5,10847c37903113bbddd66246236dba4733f1473d,2026-04-26,cfx_compare_records,introduction,source-verified
CFX007,CXWorld/CapFrameX,CXWorld/CapFrameX,5b0ea73b1588369d6f74a3100de0dc64a6ecb8f5,10847c37903113bbddd66246236dba4733f1473d,2026-04-26,cfx_get_sensor_summary,introduction,source-verified
CFX008,CXWorld/CapFrameX,CXWorld/CapFrameX,5b0ea73b1588369d6f74a3100de0dc64a6ecb8f5,10847c37903113bbddd66246236dba4733f1473d,2026-04-26,cfx_analyze_bottleneck,introduction,source-verified
CFX009,CXWorld/CapFrameX,CXWorld/CapFrameX,5b0ea73b1588369d6f74a3100de0dc64a6ecb8f5,10847c37903113bbddd66246236dba4733f1473d,2026-04-26,cfx_diagnose_capture,introduction,source-verified
CFX010,CXWorld/CapFrameX,CXWorld/CapFrameX,5b0ea73b1588369d6f74a3100de0dc64a6ecb8f5,10847c37903113bbddd66246236dba4733f1473d,2026-04-26,cfx_diagnose_general,introduction,source-verified
CFX011,CXWorld/CapFrameX,CXWorld/CapFrameX,5b0ea73b1588369d6f74a3100de0dc64a6ecb8f5,10847c37903113bbddd66246236dba4733f1473d,2026-04-26,cfx_get_capture_timeline,introduction,source-verified
CFX012,CXWorld/CapFrameX,CXWorld/CapFrameX,5b0ea73b1588369d6f74a3100de0dc64a6ecb8f5,10847c37903113bbddd66246236dba4733f1473d,2026-04-26,cfx_get_current_system,introduction,source-verified
CFX013,CXWorld/CapFrameX,CXWorld/CapFrameX,5b0ea73b1588369d6f74a3100de0dc64a6ecb8f5,10847c37903113bbddd66246236dba4733f1473d,2026-04-26,cfx_get_capture_status,introduction,source-verified
CFX014,CXWorld/CapFrameX,CXWorld/CapFrameX,7bc8311347e4245ef75b5e7b1c42ba1a55d7e951,d5f9e3eddf70d65ca278a1707af750ce72d6bda2,2026-05-06,cfx_get_overlay_entries,introduction,source-verified
CFX015,CXWorld/CapFrameX,CXWorld/CapFrameX,7bc8311347e4245ef75b5e7b1c42ba1a55d7e951,d5f9e3eddf70d65ca278a1707af750ce72d6bda2,2026-05-06,cfx_get_logged_sensors,introduction,source-verified
CFX016,CXWorld/CapFrameX,CXWorld/CapFrameX,05b63eb31d08c3841e77bf8462b801c36a2671cb,5a1aead8f33400297600c01e27580915e18306d4,2026-05-09,cfx_list_processes,introduction,source-verified
CFX017,CXWorld/CapFrameX,CXWorld/CapFrameX,05b63eb31d08c3841e77bf8462b801c36a2671cb,5a1aead8f33400297600c01e27580915e18306d4,2026-05-09,cfx_start_capture,introduction,source-verified
CFX018,CXWorld/CapFrameX,CXWorld/CapFrameX,05b63eb31d08c3841e77bf8462b801c36a2671cb,5a1aead8f33400297600c01e27580915e18306d4,2026-05-09,cfx_stop_capture,introduction,source-verified
CFX019,CXWorld/CapFrameX,CXWorld/CapFrameX,05b63eb31d08c3841e77bf8462b801c36a2671cb,5a1aead8f33400297600c01e27580915e18306d4,2026-05-09,cfx_wait_for_capture_completion,introduction,source-verified
CFX020,CXWorld/CapFrameX,CXWorld/CapFrameX,05b63eb31d08c3841e77bf8462b801c36a2671cb,5a1aead8f33400297600c01e27580915e18306d4,2026-05-09,cfx_get_config,introduction,source-verified
CFX021,CXWorld/CapFrameX,CXWorld/CapFrameX,05b63eb31d08c3841e77bf8462b801c36a2671cb,5a1aead8f33400297600c01e27580915e18306d4,2026-05-09,cfx_set_config,introduction,source-verified
CFX022,CXWorld/CapFrameX,CXWorld/CapFrameX,05b63eb31d08c3841e77bf8462b801c36a2671cb,5a1aead8f33400297600c01e27580915e18306d4,2026-05-09,cfx_get_overlay_config,introduction,source-verified
CFX023,CXWorld/CapFrameX,CXWorld/CapFrameX,05b63eb31d08c3841e77bf8462b801c36a2671cb,5a1aead8f33400297600c01e27580915e18306d4,2026-05-09,cfx_set_overlay_config,introduction,source-verified
CFX024,CXWorld/CapFrameX,CXWorld/CapFrameX,05b63eb31d08c3841e77bf8462b801c36a2671cb,5a1aead8f33400297600c01e27580915e18306d4,2026-05-09,cfx_toggle_overlay_entry,introduction,source-verified
CFX025,CXWorld/CapFrameX,CXWorld/CapFrameX,05b63eb31d08c3841e77bf8462b801c36a2671cb,5a1aead8f33400297600c01e27580915e18306d4,2026-05-09,cfx_set_logged_sensors,introduction,source-verified
CFX026,CXWorld/CapFrameX,CXWorld/CapFrameX,05b63eb31d08c3841e77bf8462b801c36a2671cb,5a1aead8f33400297600c01e27580915e18306d4,2026-05-09,cfx_set_record_comment,introduction,source-verified
CFX027,CXWorld/CapFrameX,CXWorld/CapFrameX,05b63eb31d08c3841e77bf8462b801c36a2671cb,5a1aead8f33400297600c01e27580915e18306d4,2026-05-09,cfx_find_regressions,introduction,source-verified
CFX028,CXWorld/CapFrameX,CXWorld/CapFrameX,05b63eb31d08c3841e77bf8462b801c36a2671cb,5a1aead8f33400297600c01e27580915e18306d4,2026-05-09,cfx_detect_system_drift,introduction,source-verified
CFX029,CXWorld/CapFrameX,CXWorld/CapFrameX,05b63eb31d08c3841e77bf8462b801c36a2671cb,5a1aead8f33400297600c01e27580915e18306d4,2026-05-09,cfx_find_outliers,introduction,source-verified
CFX030,CXWorld/CapFrameX,CXWorld/CapFrameX,05b63eb31d08c3841e77bf8462b801c36a2671cb,5a1aead8f33400297600c01e27580915e18306d4,2026-05-09,cfx_get_etw_status,introduction,source-verified
CFX031,CXWorld/CapFrameX,CXWorld/CapFrameX,05b63eb31d08c3841e77bf8462b801c36a2671cb,5a1aead8f33400297600c01e27580915e18306d4,2026-05-09,cfx_get_frametimes,introduction,source-verified
CFX032,CXWorld/CapFrameX,CXWorld/CapFrameX,05b63eb31d08c3841e77bf8462b801c36a2671cb,5a1aead8f33400297600c01e27580915e18306d4,2026-05-09,cfx_find_stutters,introduction,source-verified
CFX033,CXWorld/CapFrameX,CXWorld/CapFrameX,05b63eb31d08c3841e77bf8462b801c36a2671cb,5a1aead8f33400297600c01e27580915e18306d4,2026-05-09,cfx_find_freezes,introduction,source-verified
CFX034,CXWorld/CapFrameX,CXWorld/CapFrameX,05b63eb31d08c3841e77bf8462b801c36a2671cb,5a1aead8f33400297600c01e27580915e18306d4,2026-05-09,cfx_get_low_fps_windows,introduction,source-verified
CFX035,CXWorld/CapFrameX,CXWorld/CapFrameX,05b63eb31d08c3841e77bf8462b801c36a2671cb,5a1aead8f33400297600c01e27580915e18306d4,2026-05-09,cfx_get_metric_over_time,introduction,source-verified
CFX036,CXWorld/CapFrameX,CXWorld/CapFrameX,05b63eb31d08c3841e77bf8462b801c36a2671cb,5a1aead8f33400297600c01e27580915e18306d4,2026-05-09,cfx_get_runs_consistency,introduction,source-verified
CFX037,CXWorld/CapFrameX,CXWorld/CapFrameX,05b63eb31d08c3841e77bf8462b801c36a2671cb,5a1aead8f33400297600c01e27580915e18306d4,2026-05-09,cfx_get_sensor_time_series,introduction,source-verified
CFX038,CXWorld/CapFrameX,CXWorld/CapFrameX,05b63eb31d08c3841e77bf8462b801c36a2671cb,5a1aead8f33400297600c01e27580915e18306d4,2026-05-09,cfx_correlate_sensors_with_frametime,introduction,source-verified
CFX039,CXWorld/CapFrameX,CXWorld/CapFrameX,05b63eb31d08c3841e77bf8462b801c36a2671cb,5a1aead8f33400297600c01e27580915e18306d4,2026-05-09,cfx_get_live_sensor_snapshot,introduction,source-verified
CFX040,CXWorld/CapFrameX,CXWorld/CapFrameX,05b63eb31d08c3841e77bf8462b801c36a2671cb,5a1aead8f33400297600c01e27580915e18306d4,2026-05-09,cfx_list_sensor_sources,introduction,source-verified
CFX041,CXWorld/CapFrameX,CXWorld/CapFrameX,15eca9af416120592114525990c98660ba5521be,3bc6acae92a84db7f50542665226e1df3c6451d7,2026-05-14,cfx_get_pmd_summary,introduction,source-verified
CFX042,CXWorld/CapFrameX,CXWorld/CapFrameX,15eca9af416120592114525990c98660ba5521be,3bc6acae92a84db7f50542665226e1df3c6451d7,2026-05-14,cfx_get_pmd_time_series,introduction,source-verified
